{
  "model_info": {
    "architecture": "ResNet101 Transfer Learning",
    "base_model": "ResNet101 (ImageNet)",
    "input_shape": [
      227,
      227,
      3
    ],
    "num_classes": 2,
    "total_parameters": 43215874,
    "trainable_parameters": 557698
  },
  "training_config": {
    "batch_size": 64,
    "learning_rate": 0.0001,
    "epochs_trained": 25,
    "max_epochs": 25,
    "validation_split": 0.2
  },
  "dataset_info": {
    "training_samples": 32000,
    "validation_samples": 8000,
    "class_distribution": {
      "negative": 20000,
      "positive": 20000
    }
  },
  "final_metrics": {
    "training_accuracy": 0.9655937552452087,
    "training_loss": 0.10966715216636658,
    "validation_accuracy": 0.9781249761581421,
    "validation_loss": 0.07076799869537354,
    "best_validation_accuracy": 0.9803749918937683,
    "best_validation_loss": 0.0659523755311966
  },
  "training_history": {
    "accuracy": [
      0.792312502861023,
      0.9361249804496765,
      0.944937527179718,
      0.9503124952316284,
      0.9545624852180481,
      0.9564687609672546,
      0.9577812552452087,
      0.9573749899864197,
      0.9592499732971191,
      0.9588750004768372,
      0.9599999785423279,
      0.9605312347412109,
      0.9601874947547913,
      0.9616562724113464,
      0.9630625247955322,
      0.9624999761581421,
      0.9624999761581421,
      0.9616249799728394,
      0.9624687433242798,
      0.964468777179718,
      0.9617812633514404,
      0.9638437628746033,
      0.964468777179718,
      0.9626874923706055,
      0.9655937552452087
    ],
    "val_accuracy": [
      0.9355000257492065,
      0.9589999914169312,
      0.9651250243186951,
      0.9653750061988831,
      0.9693750143051147,
      0.9696249961853027,
      0.9707499742507935,
      0.9668750166893005,
      0.9762499928474426,
      0.9772499799728394,
      0.9761250019073486,
      0.9777500033378601,
      0.972000002861023,
      0.9729999899864197,
      0.9791250228881836,
      0.9788749814033508,
      0.9778749942779541,
      0.9727500081062317,
      0.9803749918937683,
      0.9802500009536743,
      0.9792500138282776,
      0.9794999957084656,
      0.9802500009536743,
      0.9722499847412109,
      0.9781249761581421
    ],
    "loss": [
      0.48351168632507324,
      0.2033284455537796,
      0.1649063229560852,
      0.14988885819911957,
      0.13945922255516052,
      0.1345015913248062,
      0.13104677200317383,
      0.12799304723739624,
      0.12407886236906052,
      0.1285545378923416,
      0.12390982359647751,
      0.12230216711759567,
      0.12103918194770813,
      0.11721935868263245,
      0.11245609819889069,
      0.11340638250112534,
      0.11483731120824814,
      0.11515934020280838,
      0.1141461730003357,
      0.10912790149450302,
      0.11722693592309952,
      0.11088653653860092,
      0.10693193227052689,
      0.11284743994474411,
      0.10966715216636658
    ],
    "val_loss": [
      0.21141549944877625,
      0.13741455972194672,
      0.11011134833097458,
      0.10327359288930893,
      0.10228555649518967,
      0.09008661657571793,
      0.08949065953493118,
      0.0928158238530159,
      0.08157972246408463,
      0.07862340658903122,
      0.08789311349391937,
      0.07730841636657715,
      0.08249855041503906,
      0.07676706463098526,
      0.07994357496500015,
      0.07168085128068924,
      0.08241346478462219,
      0.08182815462350845,
      0.07156701385974884,
      0.0789053812623024,
      0.07415851950645447,
      0.07349777966737747,
      0.0659523755311966,
      0.07841798663139343,
      0.07076799869537354
    ]
  },
  "timestamp": "2025-06-11T07:56:56.674687"
}